year,technology,kegs_100lb,quality,source
1810,cut,157279,benchmark,"Gallatin 1810 Treasury report: 410 naileries made 15,727,914 lb (French 1858, p.18); includes some hand-wrought"
1856,cut,1824749,benchmark,"Lesley (1859/1866) Iron Manufacturer's Guide: 81,462 gross tons of nails made 1856 (approximate, per Lesley)"
1872,cut,4065322,tabulated,"AISA Annual Statistical Report for 1889, p.77 'Production of cut nails in the United States since 1872'"
1873,cut,4024704,tabulated,"AISA Annual Statistical Report for 1889, p.77 'Production of cut nails in the United States since 1872'"
1874,cut,4912180,tabulated,"AISA Annual Statistical Report for 1889, p.77 'Production of cut nails in the United States since 1872'"
1875,cut,4726881,tabulated,"AISA Annual Statistical Report for 1889, p.77 'Production of cut nails in the United States since 1872'"
1876,cut,4157814,tabulated,"AISA Annual Statistical Report for 1889, p.77 'Production of cut nails in the United States since 1872'"
1877,cut,4828918,tabulated,"AISA Annual Statistical Report for 1889, p.77 'Production of cut nails in the United States since 1872'"
1878,cut,4396130,tabulated,"AISA Annual Statistical Report for 1889, p.77 'Production of cut nails in the United States since 1872'"
1879,cut,5011021,tabulated,"AISA Annual Statistical Report for 1889, p.77 'Production of cut nails in the United States since 1872'"
1880,cut,5370512,tabulated,"AISA Annual Statistical Report for 1889, p.77 'Production of cut nails in the United States since 1872'"
1881,cut,5794206,tabulated,"AISA Annual Statistical Report for 1889, p.77 'Production of cut nails in the United States since 1872'"
1882,cut,6147097,tabulated,"AISA Annual Statistical Report for 1889, p.77 'Production of cut nails in the United States since 1872'"
1883,cut,7762737,tabulated,"AISA Annual Statistical Report for 1889, p.77 'Production of cut nails in the United States since 1872'"
1884,cut,7581379,tabulated,"AISA Annual Statistical Report for 1889, p.77 'Production of cut nails in the United States since 1872'"
1885,cut,6696815,tabulated,"AISA Annual Statistical Report for 1889, p.77 'Production of cut nails in the United States since 1872'"
1886,cut,8160973,tabulated,"AISA Annual Statistical Report for 1889, p.77 'Production of cut nails in the United States since 1872'"
1887,cut,6908870,tabulated,"AISA Annual Statistical Report for 1889, p.77 'Production of cut nails in the United States since 1872'"
1888,cut,6493591,tabulated,"AISA Annual Statistical Report for 1889, p.77 'Production of cut nails in the United States since 1872'"
1889,cut,5810758,tabulated,"AISA Annual Statistical Report for 1889, p.77 'Production of cut nails in the United States since 1872'"
1890,cut,5640946,tabulated,"AISA Annual Statistical Report for 1920, p.56 'Production of cut nails in 100-lb kegs, 1890-1920'"
1891,cut,5002176,tabulated,"AISA Annual Statistical Report for 1920, p.56 'Production of cut nails in 100-lb kegs, 1890-1920'"
1892,cut,4507819,tabulated,"AISA Annual Statistical Report for 1920, p.56 'Production of cut nails in 100-lb kegs, 1890-1920'"
1893,cut,3048933,tabulated,"AISA Annual Statistical Report for 1920, p.56 'Production of cut nails in 100-lb kegs, 1890-1920'"
1894,cut,2425060,tabulated,"AISA Annual Statistical Report for 1920, p.56 'Production of cut nails in 100-lb kegs, 1890-1920'"
1895,cut,2129894,tabulated,"AISA Annual Statistical Report for 1920, p.56 'Production of cut nails in 100-lb kegs, 1890-1920'"
1896,cut,1615870,tabulated,"AISA Annual Statistical Report for 1920, p.56 'Production of cut nails in 100-lb kegs, 1890-1920'"
1897,cut,2106799,tabulated,"AISA Annual Statistical Report for 1920, p.56 'Production of cut nails in 100-lb kegs, 1890-1920'"
1898,cut,1572221,tabulated,"AISA Annual Statistical Report for 1920, p.56 'Production of cut nails in 100-lb kegs, 1890-1920'"
1899,cut,1904340,tabulated,"AISA Annual Statistical Report for 1920, p.56 'Production of cut nails in 100-lb kegs, 1890-1920'"
1900,cut,1573494,tabulated,"AISA Annual Statistical Report for 1920, p.56 'Production of cut nails in 100-lb kegs, 1890-1920'"
1901,cut,1542240,tabulated,"AISA Annual Statistical Report for 1920, p.56 'Production of cut nails in 100-lb kegs, 1890-1920'"
1902,cut,1633762,tabulated,"AISA Annual Statistical Report for 1920, p.56 'Production of cut nails in 100-lb kegs, 1890-1920'"
1903,cut,1435893,tabulated,"AISA Annual Statistical Report for 1920, p.56 'Production of cut nails in 100-lb kegs, 1890-1920'"
1904,cut,1283362,tabulated,"AISA Annual Statistical Report for 1920, p.56 'Production of cut nails in 100-lb kegs, 1890-1920'"
1905,cut,1357549,tabulated,"AISA Annual Statistical Report for 1920, p.56 'Production of cut nails in 100-lb kegs, 1890-1920'"
1906,cut,1189239,tabulated,"AISA Annual Statistical Report for 1920, p.56 'Production of cut nails in 100-lb kegs, 1890-1920'"
1907,cut,1109138,tabulated,"AISA Annual Statistical Report for 1920, p.56 'Production of cut nails in 100-lb kegs, 1890-1920'"
1908,cut,956182,tabulated,"AISA Annual Statistical Report for 1920, p.56 'Production of cut nails in 100-lb kegs, 1890-1920'"
1909,cut,1207597,tabulated,"AISA Annual Statistical Report for 1920, p.56 'Production of cut nails in 100-lb kegs, 1890-1920'"
1910,cut,1005233,tabulated,"AISA Annual Statistical Report for 1920, p.56 'Production of cut nails in 100-lb kegs, 1890-1920'"
1911,cut,967636,tabulated,"AISA Annual Statistical Report for 1920, p.56 'Production of cut nails in 100-lb kegs, 1890-1920'"
1912,cut,978415,tabulated,"AISA Annual Statistical Report for 1920, p.56 'Production of cut nails in 100-lb kegs, 1890-1920'"
1913,cut,842038,tabulated,"AISA Annual Statistical Report for 1920, p.56 'Production of cut nails in 100-lb kegs, 1890-1920'"
1914,cut,769665,tabulated,"AISA Annual Statistical Report for 1920, p.56 'Production of cut nails in 100-lb kegs, 1890-1920'"
1915,cut,775327,tabulated,"AISA Annual Statistical Report for 1920, p.56 'Production of cut nails in 100-lb kegs, 1890-1920'"
1916,cut,764835,tabulated,"AISA Annual Statistical Report for 1920, p.56 'Production of cut nails in 100-lb kegs, 1890-1920'"
1917,cut,461674,tabulated,"AISA Annual Statistical Report for 1920, p.56 'Production of cut nails in 100-lb kegs, 1890-1920'"
1918,cut,418811,tabulated,"AISA Annual Statistical Report for 1920, p.56 'Production of cut nails in 100-lb kegs, 1890-1920'"
1919,cut,394477,tabulated,"AISA Annual Statistical Report for 1920, p.56 'Production of cut nails in 100-lb kegs, 1890-1920'"
1920,cut,844583,tabulated,"AISA Annual Statistical Report for 1920, p.56 'Production of cut nails in 100-lb kegs, 1890-1920'"
1886,wire,600000,trade estimate,"AISA estimates (Reports for 1888-1889); 1889 revised to 2,435,000 in Swank (1892) p.451"
1887,wire,1250000,trade estimate,"AISA estimates (Reports for 1888-1889); 1889 revised to 2,435,000 in Swank (1892) p.451"
1888,wire,1500000,trade estimate,"AISA estimates (Reports for 1888-1889); 1889 revised to 2,435,000 in Swank (1892) p.451"
1889,wire,2435000,trade estimate,"AISA estimates (Reports for 1888-1889); 1889 revised to 2,435,000 in Swank (1892) p.451"
1890,wire,3135911,tabulated,"AISA Annual Statistical Report for 1920, p.56 'Production of wire nails in 100-lb kegs, 1890-1920'"
1891,wire,4114385,tabulated,"AISA Annual Statistical Report for 1920, p.56 'Production of wire nails in 100-lb kegs, 1890-1920'"
1892,wire,4719524,tabulated,"AISA Annual Statistical Report for 1920, p.56 'Production of wire nails in 100-lb kegs, 1890-1920'"
1893,wire,5095945,tabulated,"AISA Annual Statistical Report for 1920, p.56 'Production of wire nails in 100-lb kegs, 1890-1920'"
1894,wire,5681801,tabulated,"AISA Annual Statistical Report for 1920, p.56 'Production of wire nails in 100-lb kegs, 1890-1920'"
1895,wire,5841403,tabulated,"AISA Annual Statistical Report for 1920, p.56 'Production of wire nails in 100-lb kegs, 1890-1920'"
1896,wire,4719860,tabulated,"AISA Annual Statistical Report for 1920, p.56 'Production of wire nails in 100-lb kegs, 1890-1920'"
1897,wire,8997245,tabulated,"AISA Annual Statistical Report for 1920, p.56 'Production of wire nails in 100-lb kegs, 1890-1920'"
1898,wire,7418475,tabulated,"AISA Annual Statistical Report for 1920, p.56 'Production of wire nails in 100-lb kegs, 1890-1920'"
1899,wire,7618130,tabulated,"AISA Annual Statistical Report for 1920, p.56 'Production of wire nails in 100-lb kegs, 1890-1920'"
1900,wire,7233979,tabulated,"AISA Annual Statistical Report for 1920, p.56 'Production of wire nails in 100-lb kegs, 1890-1920'"
1901,wire,9803822,tabulated,"AISA Annual Statistical Report for 1920, p.56 'Production of wire nails in 100-lb kegs, 1890-1920'"
1902,wire,10982246,tabulated,"AISA Annual Statistical Report for 1920, p.56 'Production of wire nails in 100-lb kegs, 1890-1920'"
1903,wire,9631661,tabulated,"AISA Annual Statistical Report for 1920, p.56 'Production of wire nails in 100-lb kegs, 1890-1920'"
1904,wire,11926661,tabulated,"AISA Annual Statistical Report for 1920, p.56 'Production of wire nails in 100-lb kegs, 1890-1920'"
1905,wire,10854892,tabulated,"AISA Annual Statistical Report for 1920, p.56 'Production of wire nails in 100-lb kegs, 1890-1920'"
1906,wire,11486647,tabulated,"AISA Annual Statistical Report for 1920, p.56 'Production of wire nails in 100-lb kegs, 1890-1920'"
1907,wire,11731044,tabulated,"AISA Annual Statistical Report for 1920, p.56 'Production of wire nails in 100-lb kegs, 1890-1920'"
1908,wire,10662972,tabulated,"AISA Annual Statistical Report for 1920, p.56 'Production of wire nails in 100-lb kegs, 1890-1920'"
1909,wire,13916053,tabulated,"AISA Annual Statistical Report for 1920, p.56 'Production of wire nails in 100-lb kegs, 1890-1920'"
1910,wire,12704902,tabulated,"AISA Annual Statistical Report for 1920, p.56 'Production of wire nails in 100-lb kegs, 1890-1920'"
1911,wire,13437778,tabulated,"AISA Annual Statistical Report for 1920, p.56 'Production of wire nails in 100-lb kegs, 1890-1920'"
1912,wire,14659700,tabulated,"AISA Annual Statistical Report for 1920, p.56 'Production of wire nails in 100-lb kegs, 1890-1920'"
1913,wire,13559727,tabulated,"AISA Annual Statistical Report for 1920, p.56 'Production of wire nails in 100-lb kegs, 1890-1920'"
1914,wire,13132814,tabulated,"AISA Annual Statistical Report for 1920, p.56 'Production of wire nails in 100-lb kegs, 1890-1920'"
1915,wire,14583026,tabulated,"AISA Annual Statistical Report for 1920, p.56 'Production of wire nails in 100-lb kegs, 1890-1920'"
1916,wire,17147665,tabulated,"AISA Annual Statistical Report for 1920, p.56 'Production of wire nails in 100-lb kegs, 1890-1920'"
1917,wire,17040666,tabulated,"AISA Annual Statistical Report for 1920, p.56 'Production of wire nails in 100-lb kegs, 1890-1920'"
1918,wire,12279800,tabulated,"AISA Annual Statistical Report for 1920, p.56 'Production of wire nails in 100-lb kegs, 1890-1920'"
1919,wire,13094221,tabulated,"AISA Annual Statistical Report for 1920, p.56 'Production of wire nails in 100-lb kegs, 1890-1920'"
1920,wire,16449506,tabulated,"AISA Annual Statistical Report for 1920, p.56 'Production of wire nails in 100-lb kegs, 1890-1920'"
