date,cum_sats_v0.1,cum_sats_v0.9,cum_sats_v1.0,cum_sats_v1.5,cum_sats_v2_mini,cum_sats_v3,cum_sats_total,cum_capacity_gbps,equivalent_v3_satellites
2018-02-22,2,0,0,0,0,0,2,0.0,0.0
2019-05-24,2,60,0,0,0,0,62,0.0,0.0
2019-11-11,2,60,60,0,0,0,122,1200.0,1.17
2020-01-07,2,60,120,0,0,0,182,2400.0,2.34
2020-01-29,2,60,180,0,0,0,242,3600.0,3.52
2020-02-17,2,60,240,0,0,0,302,4800.0,4.69
2020-03-18,2,60,300,0,0,0,362,6000.0,5.86
2020-04-22,2,60,360,0,0,0,422,7200.0,7.03
2020-06-04,2,60,420,0,0,0,482,8400.0,8.2
2020-06-13,2,60,478,0,0,0,540,9560.0,9.34
2020-08-07,2,60,535,0,0,0,597,10700.0,10.45
2020-08-18,2,60,593,0,0,0,655,11860.0,11.58
2020-09-03,2,60,653,0,0,0,715,13060.0,12.75
2020-10-06,2,60,713,0,0,0,775,14260.0,13.93
2020-10-18,2,60,773,0,0,0,835,15460.0,15.1
2020-10-24,2,60,833,0,0,0,895,16660.0,16.27
2020-11-25,2,60,893,0,0,0,955,17860.0,17.44
2021-01-20,2,60,953,0,0,0,1015,19060.0,18.61
2021-01-24,2,60,963,0,0,0,1025,19260.0,18.81
2021-02-04,2,60,1023,0,0,0,1085,20460.0,19.98
2021-02-16,2,60,1083,0,0,0,1145,21660.0,21.15
2021-03-04,2,60,1143,0,0,0,1205,22860.0,22.32
2021-03-11,2,60,1203,0,0,0,1265,24060.0,23.5
2021-03-14,2,60,1263,0,0,0,1325,25260.0,24.67
2021-03-24,2,60,1323,0,0,0,1385,26460.0,25.84
2021-04-07,2,60,1383,0,0,0,1445,27660.0,27.01
2021-04-29,2,60,1443,0,0,0,1505,28860.0,28.18
2021-05-04,2,60,1503,0,0,0,1565,30060.0,29.36
2021-05-09,2,60,1563,0,0,0,1625,31260.0,30.53
2021-05-15,2,60,1615,0,0,0,1677,32300.0,31.54
2021-05-26,2,60,1675,0,0,0,1737,33500.0,32.71
2021-06-30,2,60,1675,3,0,0,1740,33560.0,32.77
2021-09-14,2,60,1675,54,0,0,1791,34580.0,33.77
2021-11-13,2,60,1675,107,0,0,1844,35640.0,34.8
2021-12-02,2,60,1675,155,0,0,1892,36600.0,35.74
2021-12-18,2,60,1675,207,0,0,1944,37640.0,36.76
2022-01-06,2,60,1675,256,0,0,1993,38620.0,37.71
2022-01-19,2,60,1675,305,0,0,2042,39600.0,38.67
2022-02-03,2,60,1675,354,0,0,2091,40580.0,39.63
2022-02-21,2,60,1675,400,0,0,2137,41500.0,40.53
2022-02-25,2,60,1675,450,0,0,2187,42500.0,41.5
2022-03-03,2,60,1675,497,0,0,2234,43440.0,42.42
2022-03-09,2,60,1675,545,0,0,2282,44400.0,43.36
2022-03-19,2,60,1675,598,0,0,2335,45460.0,44.39
2022-04-21,2,60,1675,651,0,0,2388,46520.0,45.43
2022-04-29,2,60,1675,704,0,0,2441,47580.0,46.46
2022-05-06,2,60,1675,757,0,0,2494,48640.0,47.5
2022-05-13,2,60,1675,810,0,0,2547,49700.0,48.54
2022-05-14,2,60,1675,863,0,0,2600,50760.0,49.57
2022-05-18,2,60,1675,916,0,0,2653,51820.0,50.61
2022-06-17,2,60,1675,969,0,0,2706,52880.0,51.64
2022-07-07,2,60,1675,1022,0,0,2759,53940.0,52.68
2022-07-11,2,60,1675,1068,0,0,2805,54860.0,53.57
2022-07-17,2,60,1675,1121,0,0,2858,55920.0,54.61
2022-07-22,2,60,1675,1167,0,0,2904,56840.0,55.51
2022-07-24,2,60,1675,1220,0,0,2957,57900.0,56.54
2022-08-10,2,60,1675,1272,0,0,3009,58940.0,57.56
2022-08-12,2,60,1675,1318,0,0,3055,59860.0,58.46
2022-08-19,2,60,1675,1371,0,0,3108,60920.0,59.49
2022-08-28,2,60,1675,1425,0,0,3162,62000.0,60.55
2022-08-31,2,60,1675,1471,0,0,3208,62920.0,61.45
2022-09-05,2,60,1675,1522,0,0,3259,63940.0,62.44
2022-09-11,2,60,1675,1556,0,0,3293,64620.0,63.11
2022-09-19,2,60,1675,1610,0,0,3347,65700.0,64.16
2022-09-24,2,60,1675,1662,0,0,3399,66740.0,65.18
2022-10-05,2,60,1675,1714,0,0,3451,67780.0,66.19
2022-10-20,2,60,1675,1768,0,0,3505,68860.0,67.25
2022-10-28,2,60,1675,1821,0,0,3558,69920.0,68.28
2022-12-17,2,60,1675,1875,0,0,3612,71000.0,69.34
2022-12-28,2,60,1675,1929,0,0,3666,72080.0,70.39
2023-01-19,2,60,1675,1980,0,0,3717,73100.0,71.39
2023-01-26,2,60,1675,2036,0,0,3773,74220.0,72.48
2023-01-31,2,60,1675,2085,0,0,3822,75200.0,73.44
2023-02-02,2,60,1675,2138,0,0,3875,76260.0,74.47
2023-02-12,2,60,1675,2193,0,0,3930,77360.0,75.55
2023-02-17,2,60,1675,2244,0,0,3981,78380.0,76.54
2023-02-27,2,60,1675,2244,21,0,4002,80396.0,78.51
2023-03-03,2,60,1675,2295,21,0,4053,81416.0,79.51
2023-03-17,2,60,1675,2347,21,0,4105,82456.0,80.52
2023-03-24,2,60,1675,2403,21,0,4161,83576.0,81.62
2023-03-29,2,60,1675,2459,21,0,4217,84696.0,82.71
2023-04-19,2,60,1675,2459,42,0,4238,86712.0,84.68
2023-04-27,2,60,1675,2505,42,0,4284,87632.0,85.58
2023-05-04,2,60,1675,2561,42,0,4340,88752.0,86.67
2023-05-10,2,60,1675,2612,42,0,4391,89772.0,87.67
2023-05-14,2,60,1675,2668,42,0,4447,90892.0,88.76
2023-05-19,2,60,1675,2668,64,0,4469,93004.0,90.82
2023-05-31,2,60,1675,2720,64,0,4521,94044.0,91.84
2023-06-04,2,60,1675,2720,86,0,4543,96156.0,93.9
2023-06-12,2,60,1675,2772,86,0,4595,97196.0,94.92
2023-06-22,2,60,1675,2819,86,0,4642,98136.0,95.84
2023-06-23,2,60,1675,2875,86,0,4698,99256.0,96.93
2023-07-07,2,60,1675,2923,86,0,4746,100216.0,97.87
2023-07-10,2,60,1675,2923,108,0,4768,102328.0,99.93
2023-07-16,2,60,1675,2977,108,0,4822,103408.0,100.98
2023-07-19,2,60,1675,2977,123,0,4837,104848.0,102.39
2023-07-24,2,60,1675,2977,145,0,4859,106960.0,104.45
2023-07-28,2,60,1675,2977,167,0,4881,109072.0,106.52
2023-08-07,2,60,1675,2977,189,0,4903,111184.0,108.58
2023-08-08,2,60,1675,2977,204,0,4918,112624.0,109.98
2023-08-11,2,60,1675,2977,226,0,4940,114736.0,112.05
2023-08-17,2,60,1675,2977,248,0,4962,116848.0,114.11
2023-08-22,2,60,1675,2977,269,0,4983,118864.0,116.08
2023-08-27,2,60,1675,2977,291,0,5005,120976.0,118.14
2023-09-01,2,60,1675,2977,313,0,5027,123088.0,120.2
2023-09-04,2,60,1675,2977,334,0,5048,125104.0,122.17
2023-09-09,2,60,1675,2977,356,0,5070,127216.0,124.23
2023-09-12,2,60,1675,2977,377,0,5091,129232.0,126.2
2023-09-16,2,60,1675,2977,399,0,5113,131344.0,128.27
2023-09-20,2,60,1675,2977,421,0,5135,133456.0,130.33
2023-09-24,2,60,1675,2977,443,0,5157,135568.0,132.39
2023-09-25,2,60,1675,2977,464,0,5178,137584.0,134.36
2023-09-30,2,60,1675,2977,486,0,5200,139696.0,136.42
2023-10-05,2,60,1675,2977,508,0,5222,141808.0,138.48
2023-10-09,2,60,1675,2977,529,0,5243,143824.0,140.45
2023-10-13,2,60,1675,2977,551,0,5265,145936.0,142.52
2023-10-18,2,60,1675,2977,573,0,5287,148048.0,144.58
2023-10-21,2,60,1675,2977,594,0,5308,150064.0,146.55
2023-10-22,2,60,1675,2977,617,0,5331,152272.0,148.7
2023-10-29,2,60,1675,2977,639,0,5353,154384.0,150.77
2023-10-30,2,60,1675,2977,662,0,5376,156592.0,152.92
2023-11-04,2,60,1675,2977,685,0,5399,158800.0,155.08
2023-11-08,2,60,1675,2977,708,0,5422,161008.0,157.23
2023-11-18,2,60,1675,2977,731,0,5445,163216.0,159.39
2023-11-20,2,60,1675,2977,753,0,5467,165328.0,161.45
2023-11-22,2,60,1675,2977,776,0,5490,167536.0,163.61
2023-11-28,2,60,1675,2977,799,0,5513,169744.0,165.77
2023-12-03,2,60,1675,2977,822,0,5536,171952.0,167.92
2023-12-07,2,60,1675,2977,845,0,5559,174160.0,170.08
2023-12-08,2,60,1675,2977,867,0,5581,176272.0,172.14
2023-12-19,2,60,1675,2977,890,0,5604,178480.0,174.3
2023-12-23,2,60,1675,2977,913,0,5627,180688.0,176.45
2023-12-29,2,60,1675,2977,936,0,5650,182896.0,178.61
2024-01-03,2,60,1675,2977,957,0,5671,184912.0,180.58
2024-01-07,2,60,1675,2977,980,0,5694,187120.0,182.73
2024-01-14,2,60,1675,2977,1002,0,5716,189232.0,184.8
2024-01-15,2,60,1675,2977,1025,0,5739,191440.0,186.95
2024-01-24,2,60,1675,2977,1047,0,5761,193552.0,189.02
2024-01-29,2,60,1675,2977,1092,0,5806,197872.0,193.23
2024-02-10,2,60,1675,2977,1114,0,5828,199984.0,195.3
2024-02-15,2,60,1675,2977,1136,0,5850,202096.0,197.36
2024-02-23,2,60,1675,2977,1158,0,5872,204208.0,199.42
2024-02-25,2,60,1675,2977,1182,0,5896,206512.0,201.67
2024-02-29,2,60,1675,2977,1205,0,5919,208720.0,203.83
2024-03-04,2,60,1675,2977,1228,0,5942,210928.0,205.98
2024-03-11,2,60,1675,2977,1274,0,5988,215344.0,210.3
2024-03-16,2,60,1675,2977,1297,0,6011,217552.0,212.45
2024-03-19,2,60,1675,2977,1317,0,6031,219472.0,214.33
2024-03-24,2,60,1675,2977,1340,0,6054,221680.0,216.48
2024-03-25,2,60,1675,2977,1363,0,6077,223888.0,218.64
2024-03-31,2,60,1675,2977,1386,0,6100,226096.0,220.8
2024-04-02,2,60,1675,2977,1408,0,6122,228208.0,222.86
2024-04-05,2,60,1675,2977,1431,0,6145,230416.0,225.02
2024-04-07,2,60,1675,2977,1452,0,6166,232432.0,226.98
2024-04-10,2,60,1675,2977,1475,0,6189,234640.0,229.14
2024-04-13,2,60,1675,2977,1498,0,6212,236848.0,231.3
2024-04-17,2,60,1675,2977,1521,0,6235,239056.0,233.45
2024-04-18,2,60,1675,2977,1544,0,6258,241264.0,235.61
2024-04-23,2,60,1675,2977,1567,0,6281,243472.0,237.77
2024-04-28,2,60,1675,2977,1590,0,6304,245680.0,239.92
2024-05-03,2,60,1675,2977,1613,0,6327,247888.0,242.08
2024-05-06,2,60,1675,2977,1636,0,6350,250096.0,244.23
2024-05-08,2,60,1675,2977,1659,0,6373,252304.0,246.39
2024-05-10,2,60,1675,2977,1679,0,6393,254224.0,248.27
2024-05-13,2,60,1675,2977,1702,0,6416,256432.0,250.42
2024-05-14,2,60,1675,2977,1722,0,6436,258352.0,252.3
2024-05-18,2,60,1675,2977,1745,0,6459,260560.0,254.45
2024-05-23,2,60,1675,2977,1768,0,6482,262768.0,256.61
2024-05-24,2,60,1675,2977,1791,0,6505,264976.0,258.77
2024-05-28,2,60,1675,2977,1814,0,6528,267184.0,260.92
2024-06-01,2,60,1675,2977,1837,0,6551,269392.0,263.08
2024-06-05,2,60,1675,2977,1857,0,6571,271312.0,264.95
2024-06-08,2,60,1675,2977,1899,0,6613,275344.0,268.89
2024-06-19,2,60,1675,2977,1919,0,6633,277264.0,270.77
2024-06-23,2,60,1675,2977,1941,0,6655,279376.0,272.83
2024-06-24,2,60,1675,2977,1961,0,6675,281296.0,274.7
2024-06-27,2,60,1675,2977,1984,0,6698,283504.0,276.86
2024-07-03,2,60,1675,2977,2004,0,6718,285424.0,278.73
2024-07-27,2,60,1675,2977,2027,0,6741,287632.0,280.89
2024-07-28,2,60,1675,2977,2071,0,6785,291856.0,285.02
2024-08-02,2,60,1675,2977,2094,0,6808,294064.0,287.17
2024-08-04,2,60,1675,2977,2117,0,6831,296272.0,289.33
2024-08-10,2,60,1675,2977,2138,0,6852,298288.0,291.3
2024-08-12,2,60,1675,2977,2161,0,6875,300496.0,293.45
2024-08-20,2,60,1675,2977,2183,0,6897,302608.0,295.52
2024-08-28,2,60,1675,2977,2204,0,6918,304624.0,297.48
2024-08-31,2,60,1675,2977,2246,0,6960,308656.0,301.42
2024-09-05,2,60,1675,2977,2267,0,6981,310672.0,303.39
2024-09-13,2,60,1675,2977,2288,0,7002,312688.0,305.36
2024-09-20,2,60,1675,2977,2308,0,7022,314608.0,307.23
2024-09-25,2,60,1675,2977,2328,0,7042,316528.0,309.11
2024-10-15,2,60,1675,2977,2371,0,7085,320656.0,313.14
2024-10-18,2,60,1675,2977,2391,0,7105,322576.0,315.02
2024-10-23,2,60,1675,2977,2414,0,7128,324784.0,317.17
2024-10-26,2,60,1675,2977,2436,0,7150,326896.0,319.23
2024-10-30,2,60,1675,2977,2479,0,7193,331024.0,323.27
2024-11-07,2,60,1675,2977,2502,0,7216,333232.0,325.42
2024-11-09,2,60,1675,2977,2522,0,7236,335152.0,327.3
2024-11-11,2,60,1675,2977,2546,0,7260,337456.0,329.55
2024-11-14,2,60,1675,2977,2590,0,7304,341680.0,333.67
2024-11-18,2,60,1675,2977,2610,0,7324,343600.0,335.55
2024-11-21,2,60,1675,2977,2634,0,7348,345904.0,337.8
2024-11-24,2,60,1675,2977,2654,0,7368,347824.0,339.67
2024-11-25,2,60,1675,2977,2677,0,7391,350032.0,341.83
2024-11-27,2,60,1675,2977,2701,0,7415,352336.0,344.08
2024-11-30,2,60,1675,2977,2745,0,7459,356560.0,348.2
2024-12-04,2,60,1675,2977,2769,0,7483,358864.0,350.45
2024-12-05,2,60,1675,2977,2789,0,7503,360784.0,352.33
2024-12-08,2,60,1675,2977,2812,0,7526,362992.0,354.48
2024-12-13,2,60,1675,2977,2834,0,7548,365104.0,356.55
2024-12-23,2,60,1675,2977,2855,0,7569,367120.0,358.52
2024-12-29,2,60,1675,2977,2877,0,7591,369232.0,360.58
2024-12-31,2,60,1675,2977,2898,0,7612,371248.0,362.55
2025-01-06,2,60,1675,2977,2922,0,7636,373552.0,364.8
2025-01-08,2,60,1675,2977,2943,0,7657,375568.0,366.77
2025-01-10,2,60,1675,2977,2964,0,7678,377584.0,368.73
2025-01-13,2,60,1675,2977,2985,0,7699,379600.0,370.7
2025-01-21,2,60,1675,2977,3033,0,7747,384208.0,375.2
2025-01-24,2,60,1675,2977,3056,0,7770,386416.0,377.36
2025-01-27,2,60,1675,2977,3077,0,7791,388432.0,379.33
2025-02-02,2,60,1675,2977,3099,0,7813,390544.0,381.39
2025-02-04,2,60,1675,2977,3120,0,7834,392560.0,383.36
2025-02-08,2,60,1675,2977,3141,0,7855,394576.0,385.33
2025-02-11,2,60,1675,2977,3185,0,7899,398800.0,389.45
2025-02-15,2,60,1675,2977,3206,0,7920,400816.0,391.42
2025-02-18,2,60,1675,2977,3229,0,7943,403024.0,393.58
2025-02-21,2,60,1675,2977,3252,0,7966,405232.0,395.73
2025-02-23,2,60,1675,2977,3274,0,7988,407344.0,397.8
2025-02-27,2,60,1675,2977,3295,0,8009,409360.0,399.77
2025-03-03,2,60,1675,2977,3316,0,8030,411376.0,401.73
2025-03-13,2,60,1675,2977,3337,0,8051,413392.0,403.7
2025-03-15,2,60,1675,2977,3360,0,8074,415600.0,405.86
2025-03-18,2,60,1675,2977,3383,0,8097,417808.0,408.02
2025-03-26,2,60,1675,2977,3410,0,8124,420400.0,410.55
2025-03-31,2,60,1675,2977,3438,0,8152,423088.0,413.17
2025-04-04,2,60,1675,2977,3465,0,8179,425680.0,415.7
2025-04-06,2,60,1675,2977,3493,0,8207,428368.0,418.33
2025-04-07,2,60,1675,2977,3520,0,8234,430960.0,420.86
2025-04-13,2,60,1675,2977,3541,0,8255,432976.0,422.83
2025-04-14,2,60,1675,2977,3568,0,8282,435568.0,425.36
2025-04-25,2,60,1675,2977,3596,0,8310,438256.0,427.98
2025-04-28,2,60,1675,2977,3646,0,8360,443056.0,432.67
2025-04-29,2,60,1675,2977,3669,0,8383,445264.0,434.83
2025-05-02,2,60,1675,2977,3697,0,8411,447952.0,437.45
2025-05-04,2,60,1675,2977,3726,0,8440,450736.0,440.17
2025-05-07,2,60,1675,2977,3754,0,8468,453424.0,442.8
2025-05-10,2,60,1675,2977,3808,0,8522,458608.0,447.86
2025-05-13,2,60,1675,2977,3862,0,8576,463792.0,452.92
2025-05-14,2,60,1675,2977,3890,0,8604,466480.0,455.55
2025-05-16,2,60,1675,2977,3916,0,8630,468976.0,457.98
2025-05-21,2,60,1675,2977,3939,0,8653,471184.0,460.14
2025-05-23,2,60,1675,2977,3966,0,8680,473776.0,462.67
2025-05-24,2,60,1675,2977,3989,0,8703,475984.0,464.83
2025-05-27,2,60,1675,2977,4013,0,8727,478288.0,467.08
2025-05-28,2,60,1675,2977,4040,0,8754,480880.0,469.61
2025-05-31,2,60,1675,2977,4067,0,8781,483472.0,472.14
2025-06-03,2,60,1675,2977,4090,0,8804,485680.0,474.3
2025-06-04,2,60,1675,2977,4117,0,8831,488272.0,476.83
2025-06-08,2,60,1675,2977,4143,0,8857,490768.0,479.27
2025-06-10,2,60,1675,2977,4166,0,8880,492976.0,481.42
2025-06-13,2,60,1675,2977,4215,0,8929,497680.0,486.02
2025-06-17,2,60,1675,2977,4241,0,8955,500176.0,488.45
2025-06-18,2,60,1675,2977,4269,0,8983,502864.0,491.08
2025-06-23,2,60,1675,2977,4296,0,9010,505456.0,493.61
2025-06-25,2,60,1675,2977,4323,0,9037,508048.0,496.14
2025-06-28,2,60,1675,2977,4376,0,9090,513136.0,501.11
2025-07-02,2,60,1675,2977,4403,0,9117,515728.0,503.64
2025-07-08,2,60,1675,2977,4431,0,9145,518416.0,506.27
2025-07-16,2,60,1675,2977,4457,0,9171,520912.0,508.7
2025-07-19,2,60,1675,2977,4481,0,9195,523216.0,510.95
2025-07-26,2,60,1675,2977,4509,0,9223,525904.0,513.58
2025-07-27,2,60,1675,2977,4533,0,9247,528208.0,515.83
2025-07-30,2,60,1675,2977,4561,0,9275,530896.0,518.45
2025-07-31,2,60,1675,2977,4580,0,9294,532720.0,520.23
2025-08-04,2,60,1675,2977,4608,0,9322,535408.0,522.86
2025-08-14,2,60,1675,2977,4660,0,9374,540400.0,527.73
2025-08-18,2,60,1675,2977,4684,0,9398,542704.0,529.98
2025-08-22,2,60,1675,2977,4708,0,9422,545008.0,532.23
2025-08-27,2,60,1675,2977,4736,0,9450,547696.0,534.86
2025-08-28,2,60,1675,2977,4764,0,9478,550384.0,537.48
2025-08-30,2,60,1675,2977,4788,0,9502,552688.0,539.73
2025-08-31,2,60,1675,2977,4816,0,9530,555376.0,542.36
2025-09-03,2,60,1675,2977,4868,0,9582,560368.0,547.23
2025-09-05,2,60,1675,2977,4896,0,9610,563056.0,549.86
2025-09-06,2,60,1675,2977,4920,0,9634,565360.0,552.11
2025-09-13,2,60,1675,2977,4944,0,9658,567664.0,554.36
2025-09-18,2,60,1675,2977,4972,0,9686,570352.0,556.98
2025-09-19,2,60,1675,2977,4996,0,9710,572656.0,559.23
2025-09-21,2,60,1675,2977,5024,0,9738,575344.0,561.86
2025-09-25,2,60,1675,2977,5052,0,9766,578032.0,564.48
2025-09-26,2,60,1675,2977,5076,0,9790,580336.0,566.73
2025-09-29,2,60,1675,2977,5104,0,9818,583024.0,569.36
2025-10-03,2,60,1675,2977,5132,0,9846,585712.0,571.98
2025-10-07,2,60,1675,2977,5160,0,9874,588400.0,574.61
2025-10-08,2,60,1675,2977,5188,0,9902,591088.0,577.23
2025-10-16,2,60,1675,2977,5216,0,9930,593776.0,579.86
2025-10-19,2,60,1675,2977,5272,0,9986,599152.0,585.11
2025-10-22,2,60,1675,2977,5300,0,10014,601840.0,587.73
2025-10-25,2,60,1675,2977,5328,0,10042,604528.0,590.36
2025-10-26,2,60,1675,2977,5356,0,10070,607216.0,592.98
2025-10-28,2,60,1675,2977,5384,0,10098,609904.0,595.61
2025-10-29,2,60,1675,2977,5413,0,10127,612688.0,598.33
2025-10-31,2,60,1675,2977,5441,0,10155,615376.0,600.95
2025-11-06,2,60,1675,2977,5498,0,10212,620848.0,606.3
2025-11-09,2,60,1675,2977,5527,0,10241,623632.0,609.02
2025-11-11,2,60,1675,2977,5556,0,10270,626416.0,611.73
2025-11-15,2,60,1675,2977,5614,0,10328,631984.0,617.17
2025-11-19,2,60,1675,2977,5643,0,10357,634768.0,619.89
2025-11-21,2,60,1675,2977,5672,0,10386,637552.0,622.61
2025-11-22,2,60,1675,2977,5701,0,10415,640336.0,625.33
2025-11-23,2,60,1675,2977,5729,0,10443,643024.0,627.95
2025-12-01,2,60,1675,2977,5758,0,10472,645808.0,630.67
2025-12-02,2,60,1675,2977,5814,0,10528,651184.0,635.92
2025-12-04,2,60,1675,2977,5842,0,10556,653872.0,638.55
2025-12-07,2,60,1675,2977,5870,0,10584,656560.0,641.17
2025-12-08,2,60,1675,2977,5899,0,10613,659344.0,643.89
2025-12-10,2,60,1675,2977,5926,0,10640,661936.0,646.42
2025-12-11,2,60,1675,2977,5955,0,10669,664720.0,649.14
2025-12-14,2,60,1675,2977,5982,0,10696,667312.0,651.67
2025-12-15,2,60,1675,2977,6011,0,10725,670096.0,654.39
2025-12-17,2,60,1675,2977,6067,0,10781,675472.0,659.64
2026-01-04,2,60,1675,2977,6096,0,10810,678256.0,662.36
2026-01-09,2,60,1675,2977,6125,0,10839,681040.0,665.08
2026-01-12,2,60,1675,2977,6154,0,10868,683824.0,667.8
2026-01-14,2,60,1675,2977,6183,0,10897,686608.0,670.52
2026-01-18,2,60,1675,2977,6212,0,10926,689392.0,673.23
2026-01-22,2,60,1675,2977,6237,0,10951,691792.0,675.58
2026-01-25,2,60,1675,2977,6262,0,10976,694192.0,677.92
2026-01-29,2,60,1675,2977,6287,0,11001,696592.0,680.27
2026-01-30,2,60,1675,2977,6316,0,11030,699376.0,682.98
2026-02-02,2,60,1675,2977,6341,0,11055,701776.0,685.33
2026-02-07,2,60,1675,2977,6366,0,11080,704176.0,687.67
2026-02-11,2,60,1675,2977,6390,0,11104,706480.0,689.92
2026-02-15,2,60,1675,2977,6414,0,11128,708784.0,692.17
2026-02-16,2,60,1675,2977,6443,0,11157,711568.0,694.89
2026-02-20,2,60,1675,2977,6472,0,11186,714352.0,697.61
2026-02-21,2,60,1675,2977,6497,0,11211,716752.0,699.95
2026-02-22,2,60,1675,2977,6525,0,11239,719440.0,702.58
2026-02-24,2,60,1675,2977,6554,0,11268,722224.0,705.3
2026-02-25,2,60,1675,2977,6579,0,11293,724624.0,707.64
2026-02-27,2,60,1675,2977,6608,0,11322,727408.0,710.36
2026-03-01,2,60,1675,2977,6633,0,11347,729808.0,712.7
2026-03-02,2,60,1675,2977,6662,0,11376,732592.0,715.42
2026-03-04,2,60,1675,2977,6691,0,11405,735376.0,718.14
2026-03-08,2,60,1675,2977,6716,0,11430,737776.0,720.48
2026-03-13,2,60,1675,2977,6741,0,11455,740176.0,722.83
2026-03-14,2,60,1675,2977,6770,0,11484,742960.0,725.55
2026-03-17,2,60,1675,2977,6824,0,11538,748144.0,730.61
2026-03-19,2,60,1675,2977,6853,0,11567,750928.0,733.33
2026-03-20,2,60,1675,2977,6878,0,11592,753328.0,735.67
2026-03-22,2,60,1675,2977,6907,0,11621,756112.0,738.39
2026-03-26,2,60,1675,2977,6932,0,11646,758512.0,740.73
2026-03-30,2,60,1675,2977,6961,0,11675,761296.0,743.45
2026-04-02,2,60,1675,2977,6990,0,11704,764080.0,746.17
2026-04-07,2,60,1675,2977,7015,0,11729,766480.0,748.52
2026-04-11,2,60,1675,2977,7040,0,11754,768880.0,750.86
2026-04-14,2,60,1675,2977,7069,0,11783,771664.0,753.58
2026-04-15,2,60,1675,2977,7094,0,11808,774064.0,755.92
2026-04-19,2,60,1675,2977,7119,0,11833,776464.0,758.27
2026-04-23,2,60,1675,2977,7143,0,11857,778768.0,760.52
2026-04-26,2,60,1675,2977,7168,0,11882,781168.0,762.86
2026-04-30,2,60,1675,2977,7192,0,11906,783472.0,765.11
2026-05-01,2,60,1675,2977,7221,0,11935,786256.0,767.83
2026-05-06,2,60,1675,2977,7245,0,11959,788560.0,770.08
2026-05-20,2,60,1675,2977,7269,0,11983,790864.0,772.33
2026-05-21,2,60,1675,2977,7298,0,12012,793648.0,775.05
2026-05-25,2,60,1675,2977,7327,0,12041,796432.0,777.77
2026-05-26,2,60,1675,2977,7351,0,12065,798736.0,780.02
2026-05-29,2,60,1675,2977,7380,0,12094,801520.0,782.73
2026-05-30,2,60,1675,2977,7404,0,12118,803824.0,784.98
2026-06-03,2,60,1675,2977,7428,0,12142,806128.0,787.23
2026-06-04,2,60,1675,2977,7457,0,12171,808912.0,789.95
2026-06-07,2,60,1675,2977,7478,0,12192,810928.0,791.92
2026-06-08,2,60,1675,2977,7507,0,12221,813712.0,794.64
2026-06-11,2,60,1675,2977,7531,0,12245,816016.0,796.89
2026-06-12,2,60,1675,2977,7560,0,12274,818800.0,799.61
2026-06-15,2,60,1675,2977,7584,0,12298,821104.0,801.86
2026-06-21,2,60,1675,2977,7608,0,12322,823408.0,804.11
2026-06-25,2,60,1675,2977,7632,0,12346,825712.0,806.36
2026-06-28,2,60,1675,2977,7656,0,12370,828016.0,808.61
2026-07-02,2,60,1675,2977,7680,0,12394,830320.0,810.86
2026-07-05,2,60,1675,2977,7709,0,12423,833104.0,813.58
2026-07-09,2,60,1675,2977,7738,0,12452,835888.0,816.3
2026-07-11,2,60,1675,2977,7762,0,12476,838192.0,818.55
2026-07-14,2,60,1675,2977,7818,0,12532,843568.0,823.8
2026-07-21,2,60,1675,2977,7842,0,12556,845872.0,826.05
2026-07-25,2,60,1675,2977,7866,0,12580,848176.0,828.3
2026-08-01,2,60,1675,2977,7890,0,12604,850480.0,830.55
2026-08-04,2,60,1675,2977,7914,0,12628,852784.0,832.8
2026-08-08,2,60,1675,2977,7938,0,12652,855088.0,835.05
2026-08-11,2,60,1675,2977,7967,0,12681,857872.0,837.77
2026-08-12,2,60,1675,2977,7991,0,12705,860176.0,840.02
2026-08-19,2,60,1675,2977,8015,0,12729,862480.0,842.27
2026-08-21,2,60,1675,2977,8044,0,12758,865264.0,844.98
2026-08-22,2,60,1675,2977,8071,0,12785,867856.0,847.52
2026-08-25,2,60,1675,2977,8100,0,12814,870640.0,850.23
2026-08-26,2,60,1675,2977,8127,0,12841,873232.0,852.77
2026-09-02,2,60,1675,2977,8154,0,12868,875824.0,855.3
