year,region,basis,nominal,source,note,in_fit,real,cum_us,cum_world_low,cum_world_central,cum_world_high
1943,US,quoted,200000.0,ACS-NHCL,"$20 per 100,000 units in 1943; buyer and basis not stated",True,3721884.3931,10.5,10.5,11.55,13.125
1945,US,all_forms,6478.8732,SOC-1945,"7.1 trillion Oxford units sold, $46 million",True,115879.3271,5434.0,5434.0,5977.4,6792.5
1946,US,all_forms,4450.0,SOC-1947,"$90M in SOC-1946, revised to $89M in SOC-1947",True,73469.0436,22684.0,22684.0,24952.4,28355.0
1947,US,all_forms,2351.3514,SOC-1947,,True,33946.238,57184.0,57986.0292,64237.3387,73303.031
1948,US,all_forms,1671.8266,SOC-1948,"108,300 lb; about $1,000 per pound",True,22333.3145,124656.5,129878.0869,145871.1238,167815.5144
1950,US,quoted,472.7647,Goozner-2004,"$282 per pound in 1950 ($3,955 in 1945); basis not stated; converted at the SOC-1948 ratio of 0.5965 BU per lb",True,6315.4891,389002.7096,427580.1358,493435.2833,576836.1194
1952,US,all_forms,289.1986,SOC-1953,,False,3513.4138,896078.7901,1043092.9576,1239426.2551,1474193.045
1953,US,all_forms,163.8418,SOC-1953,,False,1975.5702,1253078.7901,1499015.2286,1806108.5735,2165983.9503
1954,US,all_forms,164.0867,SOC-1954,,False,1963.8127,1677578.7901,2043602.1371,2480808.3147,2985979.3586
1955,US,all_forms,130.9524,SOC-1955,,False,1573.1046,2088078.7901,2592453.6802,3175328.6666,3841933.5095
1956,US,all_forms,141.4254,SOC-1956,,False,1673.9307,2499078.7901,3162847.8198,3908741.3113,4754657.1613
1957,US,all_forms,145.3947,SOC-1957,,False,1665.7942,3001078.7901,3848485.0326,4776735.9057,5821758.2435
1958,US,all_forms,162.0968,SOC-1958,,False,1805.7412,3460078.7901,4519052.5719,5651203.6155,6917242.5551
1959,US,all_forms,154.4474,SOC-1959,,False,1708.7035,3871078.7901,5173798.5047,6533831.9416,8045127.1829
1960,US,all_forms,137.9845,SOC-1960,,False,1500.7818,4381078.7901,5964617.0079,7579212.3639,9362568.2465
1961,US,all_forms,112.1154,SOC-1961,,False,1207.1827,5056578.7901,6963646.6392,8862462.5367,10947504.7804
1962,US,all_forms,92.9788,SOC-1962,penicillin salts total (bulk + dosage forms),False,991.1876,5919090.2901,8198895.0534,10414876.5004,12834332.2913
1962,US,bulk,16.9732,SOC-1962,"procaine penicillin G, for other uses (feed-grade bulk)",True,180.9401,5919090.2901,8198895.0534,10414876.5004,12834332.2913
1963,US,all_forms,100.3167,SOC-1963,penicillin salts total (bulk + dosage forms),False,1055.4329,6879608.2901,9588841.4387,12158554.1454,14948557.2857
1963,US,bulk,16.4552,SOC-1963,"procaine penicillin G, for other uses (feed-grade bulk)",True,173.125,6879608.2901,9588841.4387,12158554.1454,14948557.2857
1964,US,all_forms,89.1821,SOC-1964,penicillin salts total; table header 'Sales (bulk and dosage forms)',False,926.1794,7959278.7901,11163254.2922,14127247.4592,17327670.355
1964,US,bulk,15.6797,SOC-1964,"procaine penicillin G, for other uses (feed-grade bulk)",True,162.8378,7959278.7901,11163254.2922,14127247.4592,17327670.355
1965,US,bulk,14.5214,SOC-1965,"penicillin G only: K 236,822 BU/$3,343k + procaine 482,669 BU/$7,105k (total incl. other penicillins: $21.26/BU)",True,148.4145,9232005.7901,13005971.5505,16409170.4366,20063984.7294
1966,US,bulk,17.4704,SOC-1966,"penicillin G only: procaine medicinal 209,670/$4,024k + G salts other uses 346,243/$5,688k",True,173.5944,10741709.2901,15172358.054,19064487.4182,23222155.0823
1967,US,bulk,18.3075,SOC-1967,procaine penicillin G for all uses,True,176.4666,12292132.7901,17479342.8473,21915382.0639,26629278.7784
1968,US,bulk,17.2321,SOC-1968,procaine penicillin G for all uses,True,159.4181,14109518.2901,20168358.9324,25209029.1724,30537901.7285
1969,US,bulk,16.5157,SOC-1969,penicillins except semisynthetic,True,144.8808,16445400.7901,23508442.7888,29220726.1215,35229185.5377
1970,US,bulk,18.832,SOC-1970,penicillins except semisynthetic,True,156.2581,19556285.7901,27776263.2858,34233952.8552,40993004.7263
1971,US,bulk,17.827,SOC-1971,penicillins except semisynthetic,True,141.7107,23771617.7901,33324495.043,40608774.5732,48196387.9687
1972,US,bulk,15.1261,SOC-1972,penicillins except semisynthetic,True,116.5006,28020383.7901,39108888.3683,47308938.1108,55810654.0501
1973,US,bulk,13.8524,SOC-1973,penicillins except semisynthetic,True,100.4436,32406592.2901,45264285.6385,54477910.4452,63987490.5812
1974,US,bulk,18.312,SOC-1974,"also 4,149 klb (calibration: 627.2 M units/lb)",True,119.5824,37499074.2901,52395041.413,62729314.8308,73349430.4695
1975,US,bulk,21.8889,SOC-1975,"also 2,834 klb (calibration: 606.3 M units/lb)",True,130.9847,42027694.7901,59271947.2118,70843863.2902,82686824.2148
1976,US,bulk,19.2935,SOC-1976,1976+ published in pounds only,True,109.1633,46285605.2901,66235305.7795,79172427.564,92360949.3094
1977,US,bulk,19.9474,SOC-1977,,True,105.9725,51091845.2901,74158479.3354,88599569.6943,103267576.8799
1978,US,bulk,19.7995,SOC-1978,,True,97.7654,56092745.9151,82750383.9454,98846000.3211,115139462.3707
1979,US,bulk,20.1352,SOC-1979,,True,89.2892,61403917.7901,92198734.0402,110111763.794,128189557.7945
1981,US,bulk,22.3751,SOC-1981,,True,79.2467,70887941.5401,111940553.3197,134028499.6187,156207644.0071
1982,US,bulk,19.1055,SOC-1982,,True,63.7396,75759727.1651,123138922.6359,147610719.2592,172137141.0001
1983,US,bulk,24.771,SOC-1983,,True,80.0686,80204972.1651,134872993.9258,161943826.3407,189036900.8294
1984,US,bulk,24.6095,SOC-1984,production withheld for confidentiality,True,76.2548,84201608.4151,147267051.482,177164910.9213,207061298.7444
1985,World,trade price,24.0,ISID-WP239 (Bart et al. 2013),Pen-G price fell from $24/BU (1985) to $6/BU (2003),True,71.8088,,160938315.963,193903254.0527,226857675.091
1992,World,trade price,18.0,Zhang & Bjerke 2023,'about USD 18 per BOU in the early 1990s'; year approximate,True,41.3042,,318848694.6372,386299185.643,452117147.4061
1995,World,market value / volume,18.2,Elander 2003,"$1.06 billion market / (26,400 t Pen G + 9,980 t Pen V) = $29.1/kg, at 1.6 BOU/kg",True,38.4473,,439478252.1364,532742336.6482,621734445.2534
2003,World,trade price,6.0,ISID-WP239 (Bart et al. 2013),Zhang & Bjerke: $6.27/BOU in the early 2000s,True,10.4981,,856815979.4051,1037923385.1183,1206007263.4296
2009,World,China domestic quote,9.1495,chyxx 2017,2009 range 55-70 CNY/BOU; midpoint,True,13.7324,,1219915223.0697,1476114960.471,1714346204.5601
2011,World,China export unit value,8.7085,CCCMHPIE,2012 export UV $12.07/kg was 13.1% below 2011,True,12.464,,1351624568.6828,1634789011.4629,1898739288.4184
2012,World,China export unit value,7.5674,CCCMHPIE,"6,207 t exported, $74.92 million",True,10.6112,,1419611830.4982,1716641682.5719,1993921454.96
2013,World,China export unit value,11.2853,CCCMHPIE,"8,454 t exported, $152 million",True,15.5961,,1489061670.2894,1800218637.9479,2091151230.6676
2016,World,China domestic quote,6.773,chyxx 2017,July 2016 record low (single month),True,9.0853,,1706504693.9214,2061662284.3198,2395571463.7524
2017,World,China domestic quote,10.3673,chyxx 2017,"May 2017 65, Sep 2017 75 CNY/BOU; midpoint",True,13.6165,,1782126324.9015,2152507342.0968,2501441747.1247
2019,World,trade price,6.0,BusinessToday 2020,Nov-Dec 2019 price paid by Indian buyers,True,7.5557,,1938285021.4181,2339978917.1227,2720063922.2479
2020,World,producer avg selling price (ex-VAT),7.7391,United Laboratories FY2021 results deck,,True,9.6269,,2018035021.4181,2435678917.1227,2831713922.2479
2021,World,producer avg selling price (ex-VAT),10.2759,United Laboratories FY2022 results deck,,True,12.2089,,2097785021.4181,2531378917.1227,2943363922.2479
2022,World,producer avg selling price (ex-VAT),13.2838,United Laboratories FY2022 results deck,,True,14.6132,,2177535021.4181,2627078917.1227,3055013922.2479
2023,World,China market quote (Wind),23.9977,Southwest Securities 2024-05,April 2024 quote 130 was -23.53% YoY => April 2023 = 170,True,25.3556,,2257285021.4181,2722778917.1227,3166663922.2479
2024,World,China market quote (Wind),18.0631,Southwest Securities 2024-05,April 2024,True,18.5384,,2337035021.4181,2818478917.1227,3278313922.2479
