iso3,country,region,tam_usd_per_month_n100,tam_usd_per_month_n1_000,tam_usd_per_month_n4_408,tam_usd_per_month_n10_900,tam_usd_per_month_n33_900,tam_usd_per_month_n100_000,tam_usd_per_month_n500_000,tam_usd_per_month_n1_000_000,tam_usd_per_month_n2_000_000
ABW,Aruba,Latin America & Caribbean,2769.31,27693.14,122071.36,301855.21,938797.41,2769313.89,3032428.93,3032428.93,3032428.93
AFG,Afghanistan,"Middle East, North Africa, Afghanistan & Pakistan",103505.59,1031000.48,4476959.23,10751665.27,29925355.58,58474094.71,55677658.37,55677658.37,55677658.37
AGO,Angola,Sub-Saharan Africa,574336.10,5652706.06,23403950.03,50744969.75,79230653.21,81576098.11,81562903.06,81562903.06,81562903.06
ALB,Albania,Europe & Central Asia,20351.34,203513.35,897086.86,2218295.55,6899102.69,16473573.56,16703377.82,16703377.82,16703377.82
AND,Andorra,Europe & Central Asia,3616.38,36163.79,159409.97,394185.27,1225952.37,1569392.00,1569392.00,1569392.00,1569392.00
ARE,United Arab Emirates,"Middle East, North Africa, Afghanistan & Pakistan",124335.71,1243357.07,5480717.94,13552592.01,42149804.50,124335706.50,232723805.74,232723805.74,232723805.74
ARG,Argentina,Latin America & Caribbean,6296499.48,36041879.18,113416408.61,189921857.93,255136195.37,255136195.37,255136195.37,255136195.37,255136195.37
ARM,Armenia,Europe & Central Asia,15882.48,158824.85,700099.94,1731190.86,5384162.40,15592430.36,16314168.64,16314168.64,16314168.64
ASM,American Samoa,East Asia & Pacific,6659.18,66591.81,293536.69,725850.70,1003196.15,1003196.15,1003196.15,1003196.15,1003196.15
ATG,Antigua and Barbuda,Latin America & Caribbean,1375.79,13757.94,60645.01,149961.56,466394.21,833567.48,833567.48,833567.48,833567.48
AUS,Australia,East Asia & Pacific,10769707.20,99430900.88,351331299.31,520501051.14,621213789.86,621213789.86,621213789.86,621213789.86,621213789.86
AUT,Austria,Europe & Central Asia,490667.41,4906674.10,21628619.44,53482747.70,144491086.37,144491086.37,144491086.37,144491086.37,144491086.37
AZE,Azerbaijan,Europe & Central Asia,49181.26,491812.64,2167910.13,5360757.80,16672448.56,46227338.51,47699203.36,47699203.36,47699203.36
BDI,Burundi,Sub-Saharan Africa,216244.92,2133061.80,8912012.68,19726822.62,35892931.06,32831849.49,32831849.49,32831849.49,32831849.49
BEL,Belgium,Europe & Central Asia,1087573.16,10875731.57,47940224.76,118545474.11,253155637.05,253155637.05,253155637.05,253155637.05,253155637.05
BEN,Benin,Sub-Saharan Africa,149347.78,1486183.62,6429345.29,15324826.57,41342405.76,68810076.61,67564213.53,67564213.53,67564213.53
BFA,Burkina Faso,Sub-Saharan Africa,277548.17,2762847.00,11967736.61,28600137.04,78003226.65,137305067.76,132938854.76,132938854.76,132938854.76
BGD,Bangladesh,South Asia,98938.58,986961.60,4310063.60,10467224.90,30453900.78,72015462.36,90791216.26,90791216.26,90791216.26
BGR,Bulgaria,Europe & Central Asia,100669.34,1006693.36,4437504.32,10972957.61,34126904.85,49129532.79,49129532.79,49129532.79,49129532.79
BHR,Bahrain,"Middle East, North Africa, Afghanistan & Pakistan",7447.62,74476.24,328291.28,811791.05,2524744.64,7447624.31,14702599.09,14702599.09,14702599.09
BHS,"Bahamas, The",Latin America & Caribbean,5167.39,51673.91,227778.60,563245.64,1751745.62,5166624.50,10107830.56,10107830.56,10107830.56
BIH,Bosnia and Herzegovina,Europe & Central Asia,57977.85,579778.46,2555663.43,6319585.16,19654489.63,25936211.03,25936211.03,25936211.03,25936211.03
BLR,Belarus,Europe & Central Asia,301700.20,3017001.95,13298944.60,29131559.66,49322106.25,56369193.82,57373636.72,57373636.72,57373636.72
BLZ,Belize,Latin America & Caribbean,6718.50,67185.01,296151.51,732316.57,2277571.73,4488602.23,4488602.23,4488602.23,4488602.23
BMU,Bermuda,North America,3474.05,34740.46,153135.97,378671.06,1177701.73,3474046.40,4284623.89,4284623.89,4284623.89
BOL,Bolivia,Latin America & Caribbean,1148489.39,11298816.57,46699250.38,100573256.39,131485605.74,131485605.74,131485605.74,131485605.74,131485605.74
BRA,Brazil,Latin America & Caribbean,7147023.53,71470235.27,315040797.06,733251434.98,1360579044.23,1482763760.31,1483900394.98,1483900394.98,1483900394.98
BRB,Barbados,Latin America & Caribbean,5611.18,56111.83,247340.96,611618.99,1902191.17,5611183.38,6904745.34,6904745.34,6904745.34
BRN,Brunei Darussalam,East Asia & Pacific,13981.04,139810.41,616284.28,1523933.45,4739572.85,7562916.03,7562916.03,7562916.03,7562916.03
BTN,Bhutan,South Asia,796.47,7964.65,35108.18,86814.70,270001.67,796465.10,1242612.41,1242612.41,1242612.41
BWA,Botswana,Sub-Saharan Africa,209254.59,2024480.78,7787793.30,13254454.28,14484723.81,14484723.81,14484723.81,14484723.81,14484723.81
CAF,Central African Republic,Sub-Saharan Africa,512940.40,5084354.72,21659890.52,50018062.71,116514774.26,123902255.44,122358928.62,122358928.62,122358928.62
CAN,Canada,North America,3179503.16,31003099.97,134230890.76,324704553.06,788722652.65,938310701.61,939457282.58,939457282.58,939457282.58
CHE,Switzerland,Europe & Central Asia,947770.58,9477705.81,41777727.21,103306993.34,267421571.43,267959437.41,267959437.41,267959437.41,267959437.41
CHL,Chile,Latin America & Caribbean,2927619.46,20773850.01,52701689.09,79031704.13,103959474.73,103959474.73,103959474.73,103959474.73,103959474.73
CHN,China,East Asia & Pacific,6198776.08,61987760.83,273242049.74,675386771.19,2060926941.97,5260732394.12,7183630535.71,7183630535.71,7183630535.71
CIV,Cote d'Ivoire,Sub-Saharan Africa,194266.68,1931543.93,8328586.53,19720194.41,51695484.04,76266751.79,75962767.30,75962767.30,75962767.30
CMR,Cameroon,Sub-Saharan Africa,320504.26,3181426.48,13629537.34,31845982.04,78377849.10,97992290.97,97901234.46,97901234.46,97901234.46
COD,"Congo, Dem. Rep.",Sub-Saharan Africa,725553.30,7154017.53,29840450.96,65807086.41,116304119.79,111010813.26,110703558.42,110703558.42,110703558.42
COG,"Congo, Rep.",Sub-Saharan Africa,54306.11,536591.16,2257299.46,5073093.91,10158462.01,10275801.56,10275801.56,10275801.56,10275801.56
COL,Colombia,Latin America & Caribbean,740720.29,7376269.16,31998260.59,76692382.58,210489424.15,321073963.17,330542738.92,330542738.92,330542738.92
COM,Comoros,Sub-Saharan Africa,35359.06,345870.98,1395746.82,2844415.14,3580709.06,3580709.06,3580709.06,3580709.06,3580709.06
CPV,Cabo Verde,Sub-Saharan Africa,7382.68,73514.13,318831.82,763818.61,2104696.71,3477493.55,3502179.44,3502179.44,3502179.44
CRI,Costa Rica,Latin America & Caribbean,73208.88,732088.79,3227047.38,7979767.79,24817809.91,71016369.25,80198369.22,80198369.22,80198369.22
CUB,Cuba,Latin America & Caribbean,119146.65,1188311.02,5185405.51,12574252.58,36373414.24,81740646.86,94568490.91,94568490.91,94568490.91
CUW,Curacao,Latin America & Caribbean,4807.80,48078.02,211927.90,524050.40,1629844.81,4807801.80,5264595.44,5264595.44,5264595.44
CYM,Cayman Islands,Latin America & Caribbean,3242.00,32420.04,142907.54,353378.44,1099039.36,3242004.02,3507051.70,3507051.70,3507051.70
CYP,Cyprus,Europe & Central Asia,15143.12,151431.25,667508.93,1650600.58,5133519.24,15143124.60,23751428.40,23751428.40,23751428.40
CZE,Czechia,Europe & Central Asia,407563.59,4075635.92,17965403.12,44424431.49,88909503.67,88909503.67,88909503.67,88909503.67,88909503.67
DEU,Germany,Europe & Central Asia,9977040.25,99770402.53,439787934.34,1016212260.03,1907696216.27,1938208532.66,1938218799.96,1938218799.96,1938218799.96
DJI,Djibouti,"Middle East, North Africa, Afghanistan & Pakistan",4066.08,40534.50,176568.33,426685.56,1217634.10,2664413.66,2851725.02,2851725.02,2851725.02
DMA,Dominica,Latin America & Caribbean,1362.57,13625.68,60062.00,148519.91,461910.56,908910.62,908910.62,908910.62,908910.62
DNK,Denmark,Europe & Central Asia,125024.19,1250241.95,5511066.50,13627637.22,42006342.16,93720020.99,107326553.30,107326553.30,107326553.30
DOM,Dominican Republic,Latin America & Caribbean,101037.08,1010370.76,4453714.30,11013041.26,34251568.70,92601915.25,94712969.27,94712969.27,94712969.27
DZA,Algeria,"Middle East, North Africa, Afghanistan & Pakistan",167303.12,1669812.86,7306815.74,17815081.10,52618380.83,131574076.44,167834100.09,167834100.09,167834100.09
ECU,Ecuador,Latin America & Caribbean,385766.10,3831723.48,16457298.22,38655881.03,97752825.22,111287726.98,111287726.98,111287726.98,111287726.98
EGY,"Egypt, Arab Rep.","Middle East, North Africa, Afghanistan & Pakistan",215129.04,2147186.82,9396304.28,22912318.50,67704354.33,169579428.00,226700973.47,226700973.47,226700973.47
ERI,Eritrea,Sub-Saharan Africa,0.00,0.00,0.00,0.00,0.00,0.00,0.00,0.00,0.00
ESP,Spain,Europe & Central Asia,672619.12,6726191.25,29649051.02,73315484.59,228017883.28,524092991.89,556300347.87,556300347.87,556300347.87
EST,Estonia,Europe & Central Asia,60527.07,605270.72,2668033.33,6597450.84,15869821.05,17193820.22,17193820.22,17193820.22,17193820.22
ETH,Ethiopia,Sub-Saharan Africa,539531.17,5364297.30,23128141.00,54752208.87,143415546.96,207438782.91,201297949.97,201297949.97,201297949.97
FIN,Finland,Europe & Central Asia,1923626.41,19148313.12,68028341.65,116342429.69,155905085.22,155972565.45,155972565.45,155972565.45,155972565.45
FJI,Fiji,East Asia & Pacific,1808.76,17720.35,71982.01,149123.28,179688.30,179688.30,179688.30,179688.30,179688.30
FRA,France,Europe & Central Asia,2940125.38,29401253.82,129600726.86,320473666.69,831875687.79,921533528.15,921533528.15,921533528.15,921533528.15
FRO,Faroe Islands,Europe & Central Asia,23916.88,239168.84,1054256.24,1692962.79,1692962.79,1692962.79,1692962.79,1692962.79,1692962.79
FSM,"Micronesia, Fed. Sts.",East Asia & Pacific,6601.97,65646.68,283144.77,670827.32,1763200.59,2621901.11,2608879.10,2608879.10,2608879.10
GAB,Gabon,Sub-Saharan Africa,94466.32,937293.09,4008567.98,9332812.51,22601062.89,25842754.10,25842754.10,25842754.10,25842754.10
GBR,United Kingdom,Europe & Central Asia,4812450.44,48124504.38,212132815.30,481274792.60,868088056.10,950558005.21,962104145.37,962104145.37,962104145.37
GEO,Georgia,Europe & Central Asia,27301.78,273017.81,1203462.49,2975894.08,9255303.61,17522407.31,17522407.31,17522407.31,17522407.31
GHA,Ghana,Sub-Saharan Africa,71175.87,709170.07,3082812.38,7419570.97,20832886.23,39470616.34,40489689.44,40489689.44,40489689.44
GIB,Gibraltar,Europe & Central Asia,688.24,6882.39,30337.56,75018.01,233312.89,688238.63,956336.33,956336.33,956336.33
GIN,Guinea,Sub-Saharan Africa,78503.25,781310.39,3381887.61,8069998.47,21873819.99,37291534.72,36529259.56,36529259.56,36529259.56
GMB,"Gambia, The",Sub-Saharan Africa,19910.55,198373.47,862210.59,2074494.13,5817639.94,11784443.49,12193636.34,12193636.34,12193636.34
GNB,Guinea-Bissau,Sub-Saharan Africa,26301.23,261806.59,1133918.54,2709129.71,7381113.22,12918078.07,12556718.98,12556718.98,12556718.98
GNQ,Equatorial Guinea,Sub-Saharan Africa,28998.24,287048.75,1216343.72,2777088.35,6065563.03,6311817.33,6311817.33,6311817.33,6311817.33
GRC,Greece,Europe & Central Asia,170022.22,1700222.23,7494579.58,18532422.27,57637533.48,155515432.78,167263594.58,167263594.58,167263594.58
GRD,Grenada,Latin America & Caribbean,2179.99,21733.04,94683.51,228875.65,653916.06,1438032.10,1498691.64,1498691.64,1498691.64
GRL,Greenland,Europe & Central Asia,266184.83,1257015.68,2045279.00,2278249.65,2454954.89,2454967.03,2454967.03,2454967.03,2454967.03
GTM,Guatemala,Latin America & Caribbean,89997.37,896026.24,3883794.38,9293387.34,25483484.00,44715570.07,45612416.41,45612416.41,45612416.41
GUM,Guam,East Asia & Pacific,880.37,8803.72,38806.81,95960.57,298446.19,880372.23,1083326.92,1083326.92,1083326.92
GUY,Guyana,Latin America & Caribbean,13303.27,133032.71,586408.18,1450056.52,4498579.61,11960653.84,12887384.18,12887384.18,12887384.18
HKG,"Hong Kong SAR, China",East Asia & Pacific,81502.62,815026.20,3592635.47,8883785.54,27629388.05,81502619.61,150163485.16,150163485.16,150163485.16
HND,Honduras,Latin America & Caribbean,40019.54,398343.30,1724983.29,4119879.26,11208695.67,18966630.79,19303325.28,19303325.28,19303325.28
HRV,Croatia,Europe & Central Asia,110352.56,1103525.65,4864341.05,12028429.55,35809820.86,44520925.71,44520925.71,44520925.71,44520925.71
HTI,Haiti,Latin America & Caribbean,13057.53,129943.69,562249.80,1340660.51,3622423.32,6080334.38,6077936.61,6077936.61,6077936.61
HUN,Hungary,Europe & Central Asia,320282.46,3202824.59,14118050.78,34910787.99,92356984.26,92507794.34,92507794.34,92507794.34,92507794.34
IDN,Indonesia,East Asia & Pacific,542208.21,5392486.13,23276074.67,55229546.87,143971517.80,203376249.61,204298085.84,204298085.84,204298085.84
IND,India,South Asia,626058.82,6244447.34,27256105.91,66129181.44,191684416.68,428829074.88,512513094.09,512513094.09,512513094.09
IRL,Ireland,Europe & Central Asia,526025.78,5260257.85,23187216.59,51459578.70,89378084.71,94052545.99,94342991.90,94342991.90,94342991.90
IRN,"Iran, Islamic Rep.","Middle East, North Africa, Afghanistan & Pakistan",292016.28,2920162.77,12872077.48,31829774.16,98993517.79,286832525.19,396681049.11,396681049.11,396681049.11
IRQ,Iraq,"Middle East, North Africa, Afghanistan & Pakistan",149442.50,1494424.96,6587425.22,16289232.06,50661006.15,149442496.01,210494296.08,210494296.08,210494296.08
ISL,Iceland,Europe & Central Asia,389197.84,3891978.44,14155064.82,15982097.80,15982097.80,15982097.80,15982097.80,15982097.80,15982097.80
ISR,Israel,"Middle East, North Africa, Afghanistan & Pakistan",74818.05,748180.52,3297979.73,8155167.66,25363319.59,74818051.89,103420198.73,103420198.73,103420198.73
ITA,Italy,Europe & Central Asia,1360676.72,13606767.17,59978629.70,148313762.19,454030432.22,720963237.32,730799616.30,730799616.30,730799616.30
JAM,Jamaica,Latin America & Caribbean,58383.29,583832.92,2573535.51,6363778.83,19791935.98,44595883.56,44595883.56,44595883.56,44595883.56
JOR,Jordan,"Middle East, North Africa, Afghanistan & Pakistan",56460.30,564603.01,2488770.05,6154172.76,19140041.90,56460300.58,79180294.27,79180294.27,79180294.27
JPN,Japan,East Asia & Pacific,1329795.41,13297954.08,58617381.59,144947699.49,450800643.38,1245788285.46,1780629585.43,1780629585.43,1780629585.43
KAZ,Kazakhstan,Europe & Central Asia,301663.40,3016634.01,13297322.71,31768344.24,73739043.27,90564128.40,90700106.69,90700106.69,90700106.69
KEN,Kenya,Sub-Saharan Africa,497039.00,4911545.60,20667884.30,46480403.84,93513371.72,93095160.38,93095160.38,93095160.38,93095160.38
KGZ,Kyrgyz Republic,Europe & Central Asia,4799.22,47992.23,211549.77,523115.35,1626936.74,2981645.22,3034900.56,3034900.56,3034900.56
KHM,Cambodia,East Asia & Pacific,6347.02,63285.00,275869.03,667601.26,1915857.73,4291317.78,4645895.53,4645895.53,4645895.53
KIR,Kiribati,East Asia & Pacific,2936.89,29368.92,129458.21,320121.25,988577.93,1118151.69,1118151.69,1118151.69,1118151.69
KNA,St. Kitts and Nevis,Latin America & Caribbean,1664.67,16646.66,73378.48,181448.60,564321.80,1008434.14,1008434.14,1008434.14,1008434.14
KOR,"Korea, Rep.",East Asia & Pacific,506420.06,5064200.65,22322996.46,55199787.06,171676401.96,505530682.64,638233239.85,638233239.85,638233239.85
KWT,Kuwait,"Middle East, North Africa, Afghanistan & Pakistan",3903.51,39035.14,172066.90,425483.03,1323291.27,3903514.08,4818873.40,4818873.40,4818873.40
LAO,Lao PDR,East Asia & Pacific,7144.54,71122.49,308117.54,736514.70,2010855.43,3413663.72,3438488.03,3438488.03,3438488.03
LBN,Lebanon,"Middle East, North Africa, Afghanistan & Pakistan",11811.56,118115.59,520653.52,1287459.93,4004118.51,11811559.03,15884973.44,15884973.44,15884973.44
LBR,Liberia,Sub-Saharan Africa,73079.99,726737.96,3135660.06,7434413.72,19602690.01,29402338.54,28945484.85,28945484.85,28945484.85
LBY,Libya,"Middle East, North Africa, Afghanistan & Pakistan",8964.12,89641.18,395138.34,977088.91,3038836.14,8963574.63,11742953.96,11742953.96,11742953.96
LCA,St. Lucia,Latin America & Caribbean,3922.26,39107.20,170459.18,412438.10,1182789.15,2641875.03,2854018.00,2854018.00,2854018.00
LIE,Liechtenstein,Europe & Central Asia,4570.78,45707.84,201480.16,498215.46,1372182.07,1372182.07,1372182.07,1372182.07,1372182.07
LKA,Sri Lanka,South Asia,24633.71,245199.33,1061847.98,2536258.15,6902337.13,11926629.96,11985053.10,11985053.10,11985053.10
LSO,Lesotho,Sub-Saharan Africa,310149.86,2943395.56,10335489.99,13772634.98,13840310.48,13840310.48,13840310.48,13840310.48,13840310.48
LTU,Lithuania,Europe & Central Asia,24209.97,242099.74,1067175.65,2638887.16,8192326.07,20354346.79,22101611.42,22101611.42,22101611.42
LUX,Luxembourg,Europe & Central Asia,84292.66,842926.58,3715620.37,9187899.74,16974715.15,16974715.15,16974715.15,16974715.15,16974715.15
LVA,Latvia,Europe & Central Asia,33190.92,331909.22,1463055.82,3617810.45,11000549.92,16835148.71,17052620.48,17052620.48,17052620.48
MAC,"Macao SAR, China",East Asia & Pacific,9674.39,96743.92,426447.21,1054508.75,3279618.94,9674392.16,17824463.19,17824463.19,17824463.19
MAR,Morocco,"Middle East, North Africa, Afghanistan & Pakistan",32261.65,322616.54,1422093.70,3516520.26,10936700.62,32261653.75,46351615.73,46351615.73,46351615.73
MCO,Monaco,Europe & Central Asia,2109.04,21090.37,92966.35,229885.04,714963.55,1150378.61,1150378.61,1150378.61,1150378.61
MDA,Moldova,Europe & Central Asia,64615.55,639840.31,2715004.96,6217065.78,12720899.00,12790952.53,12790952.53,12790952.53,12790952.53
MDG,Madagascar,Sub-Saharan Africa,1269878.11,12233505.44,46159084.30,77181643.10,74146060.68,74146060.68,74146060.68,74146060.68,74146060.68
MDV,Maldives,South Asia,14845.31,148453.06,654381.08,1618138.34,4936097.32,7795959.18,7925522.37,7925522.37,7925522.37
MEX,Mexico,Latin America & Caribbean,1254490.91,12544909.12,55297959.38,136739509.36,425272419.01,1140649023.77,1331464172.73,1331464172.73,1331464172.73
MHL,Marshall Islands,East Asia & Pacific,1106.11,11014.18,47766.92,114425.78,315203.85,563536.69,565906.17,565906.17,565906.17
MKD,North Macedonia,Europe & Central Asia,20123.76,201237.55,887055.12,2193489.30,6821952.96,13561343.36,13572124.06,13572124.06,13572124.06
MLI,Mali,Sub-Saharan Africa,425779.77,4237423.03,18338473.79,43744984.17,118399629.73,200395496.49,197687136.18,197687136.18,197687136.18
MLT,Malta,"Middle East, North Africa, Afghanistan & Pakistan",4631.04,46310.43,204136.39,504783.71,1569923.66,4631043.24,7265623.47,7265623.47,7265623.47
MMR,Myanmar,East Asia & Pacific,290662.98,2891868.56,12500967.22,29751492.64,79741703.13,128154900.78,128678060.47,128678060.47,128678060.47
MNE,Montenegro,Europe & Central Asia,10294.12,102941.20,453764.82,1122059.11,3489706.78,4606495.69,4606495.69,4606495.69,4606495.69
MNG,Mongolia,East Asia & Pacific,21506.02,215060.19,947985.30,2344110.95,6006699.75,6121788.65,6121788.65,6121788.65,6121788.65
MNP,Northern Mariana Islands,East Asia & Pacific,1678.66,16786.56,73995.16,182973.52,569064.43,1157432.53,1172146.05,1172146.05,1172146.05
MOZ,Mozambique,Sub-Saharan Africa,992133.96,9589967.53,36741438.49,64351643.88,63843442.33,63843442.33,63843442.33,63843442.33,63843442.33
MRT,Mauritania,Sub-Saharan Africa,39131.72,388914.04,1674221.12,3951029.04,10206160.57,14342488.20,14333249.06,14333249.06,14333249.06
MUS,Mauritius,Sub-Saharan Africa,113538.42,1114275.76,4559392.56,9614698.21,12523185.24,12523185.24,12523185.24,12523185.24,12523185.24
MWI,Malawi,Sub-Saharan Africa,287809.15,2783672.60,10694423.10,19021200.31,18767941.73,18767941.73,18767941.73,18767941.73,18767941.73
MYS,Malaysia,East Asia & Pacific,637743.73,6377437.26,28111743.45,69514066.14,211998817.35,297275477.82,299657519.13,299657519.13,299657519.13
NAM,Namibia,Sub-Saharan Africa,85735.91,838907.57,3389917.94,6845314.65,8731369.70,8731369.70,8731369.70,8731369.70,8731369.70
NCL,New Caledonia,East Asia & Pacific,11160.53,111605.29,491956.11,1201481.24,2419458.81,2419458.81,2419458.81,2419458.81,2419458.81
NER,Niger,Sub-Saharan Africa,187140.81,1861848.24,8047456.99,19147915.45,51269725.40,82022323.97,77104144.74,77104144.74,77104144.74
NGA,Nigeria,Sub-Saharan Africa,444076.36,4417656.67,19087338.88,45381940.68,121123723.71,192246107.12,190991726.75,190991726.75,190991726.75
NIC,Nicaragua,Latin America & Caribbean,11992.96,119520.01,520007.80,1253660.47,3544173.15,7446634.67,7776618.07,7776618.07,7776618.07
NLD,Netherlands,Europe & Central Asia,3756673.34,37566733.36,165594160.63,349191502.84,470765120.77,470765120.77,470765120.77,470765120.77,470765120.77
NOR,Norway,Europe & Central Asia,3613811.57,30996759.38,73507807.89,120621766.16,206532475.20,217256930.27,217256930.27,217256930.27,217256930.27
NPL,Nepal,South Asia,87425.85,871589.87,3797424.47,9180361.58,26239849.17,57804126.99,64405435.84,64405435.84,64405435.84
NRU,Naoero,East Asia & Pacific,231.15,2311.49,10189.03,25195.20,78359.37,95213.33,95213.33,95213.33,95213.33
NZL,New Zealand,East Asia & Pacific,12544529.70,68097908.07,118792328.97,120417618.79,120513715.73,120513715.73,120513715.73,120513715.73,120513715.73
OMN,Oman,"Middle East, North Africa, Afghanistan & Pakistan",38916.50,389165.03,1715439.46,4241898.85,13192694.60,35948034.19,57913495.04,57913495.04,57913495.04
PAK,Pakistan,"Middle East, North Africa, Afghanistan & Pakistan",57622.63,574629.87,2506321.75,6072055.72,17501624.88,39902448.01,46540036.32,46540036.32,46540036.32
PAN,Panama,Latin America & Caribbean,44778.66,447786.63,1973843.48,4880874.30,15179966.86,38612223.16,38612223.16,38612223.16,38612223.16
PER,Peru,Latin America & Caribbean,747919.54,7479195.43,32968293.44,81523230.16,167462825.96,190885368.57,191416417.44,191416417.44,191416417.44
PHL,Philippines,East Asia & Pacific,270621.17,2696479.11,11723626.44,28224679.68,79349639.80,155391855.40,162066067.83,162066067.83,162066067.83
PLW,Palau,East Asia & Pacific,121.22,1212.24,5343.56,13213.43,41094.99,101273.37,101901.92,101901.92,101901.92
PNG,Papua New Guinea,East Asia & Pacific,159556.93,1575523.74,6610315.72,14769746.63,27871072.55,27198084.80,27035879.17,27035879.17,27035879.17
POL,Poland,Europe & Central Asia,1549333.23,15493332.33,68294608.90,153914823.32,262762305.08,274889769.82,274889769.82,274889769.82,274889769.82
PRI,Puerto Rico (US),Latin America & Caribbean,75782.88,757828.76,3340509.16,8260333.46,25690394.88,65984150.55,65984150.55,65984150.55,65984150.55
PRK,"Korea, Dem. People's Rep.",East Asia & Pacific,0.00,0.00,0.00,0.00,0.00,0.00,0.00,0.00,0.00
PRT,Portugal,Europe & Central Asia,148785.72,1487857.16,6558474.37,16217643.07,50438357.79,128014732.00,130633327.58,130633327.58,130633327.58
PRY,Paraguay,Latin America & Caribbean,206664.68,2066646.79,9109779.05,21556136.54,35731859.62,35731859.62,35731859.62,35731859.62,35731859.62
PSE,West Bank and Gaza,"Middle East, North Africa, Afghanistan & Pakistan",7171.75,71717.51,316130.77,781720.82,2431223.47,7171750.64,11188787.15,11188787.15,11188787.15
PYF,French Polynesia,East Asia & Pacific,37774.80,377747.96,1665113.02,4114939.78,6477479.47,6507559.04,6507559.04,6507559.04,6507559.04
QAT,Qatar,"Middle East, North Africa, Afghanistan & Pakistan",6823.16,68231.55,300764.69,743723.94,2313049.69,6823155.42,13630214.97,13630214.97,13630214.97
ROU,Romania,Europe & Central Asia,143836.13,1438361.34,6340296.79,15678138.63,46082658.90,54088895.66,54088895.66,54088895.66,54088895.66
RUS,Russian Federation,Europe & Central Asia,2394374.34,22335924.54,80697612.95,174652626.46,378316952.21,517170002.03,540121866.23,540121866.23,540121866.23
RWA,Rwanda,Sub-Saharan Africa,107625.02,1062762.23,4459519.71,9966900.38,19312894.02,18912783.04,18912783.04,18912783.04,18912783.04
SAU,Saudi Arabia,"Middle East, North Africa, Afghanistan & Pakistan",528862.73,5288627.30,23312269.15,57646037.60,179284465.55,497190766.33,690431747.47,690431747.47,690431747.47
SDN,Sudan,Sub-Saharan Africa,296977.88,2952302.79,12722046.83,30084720.84,78426148.94,112107783.39,107205886.44,107205886.44,107205886.44
SEN,Senegal,Sub-Saharan Africa,63132.16,628842.28,2730553.25,6557112.97,18245323.83,34725053.61,35743376.92,35743376.92,35743376.92
SGP,Singapore,East Asia & Pacific,153222.24,1532222.40,6754036.32,16701224.11,51942339.19,57099550.00,57099550.00,57099550.00,57099550.00
SLB,Solomon Islands,East Asia & Pacific,126160.74,1238319.13,5069792.11,10705418.44,15284098.92,14985941.22,14977339.55,14977339.55,14977339.55
SLE,Sierra Leone,Sub-Saharan Africa,30337.26,301381.35,1295251.58,3046304.29,7749188.11,10001854.48,10000749.47,10000749.47,10000749.47
SLV,El Salvador,Latin America & Caribbean,23082.61,230143.53,1003079.80,2426726.72,6956026.96,15506303.43,16891261.03,16891261.03,16891261.03
SMR,San Marino,Europe & Central Asia,1081.25,10812.47,47661.37,117855.92,366542.73,589768.41,589768.41,589768.41,589768.41
SOM,"Somalia, Fed. Rep.",Sub-Saharan Africa,101506.34,1003900.22,4238859.68,9604041.00,19982686.50,20391609.11,20138052.25,20138052.25,20138052.25
SRB,Serbia,Europe & Central Asia,157750.38,1577503.84,6953636.92,17194791.85,53014117.07,69198063.02,69198063.02,69198063.02,69198063.02
SSD,South Sudan,Sub-Saharan Africa,2071317.27,20532169.18,87484559.01,202098325.22,471734972.93,491006890.06,485523469.56,485523469.56,485523469.56
STP,Sao Tome and Principe,Sub-Saharan Africa,4294.95,42602.45,181998.69,422754.85,1014141.50,1186007.96,1186007.96,1186007.96,1186007.96
SUR,Suriname,Latin America & Caribbean,7595.30,75953.01,334800.86,827887.80,2573318.76,5448456.69,5448468.91,5448468.91,5448468.91
SVK,Slovak Republic,Europe & Central Asia,138471.10,1384711.01,6103806.15,15093350.06,36852598.49,36852598.49,36852598.49,36852598.49,36852598.49
SVN,Slovenia,Europe & Central Asia,121771.69,1217716.85,5367695.89,13273113.71,33127724.71,34880876.11,34880876.11,34880876.11,34880876.11
SWE,Sweden,Europe & Central Asia,1320337.70,13192430.82,47997128.78,93700030.72,205954165.50,240985286.09,245626721.66,245626721.66,245626721.66
SWZ,Eswatini,Sub-Saharan Africa,37697.67,367555.96,1462940.02,2868506.61,3331246.24,3331246.24,3331246.24,3331246.24,3331246.24
SYC,Seychelles,Sub-Saharan Africa,9141.56,91415.56,402959.80,996429.63,3081726.68,3377572.68,3377589.96,3377589.96,3377589.96
SYR,Syrian Arab Republic,"Middle East, North Africa, Afghanistan & Pakistan",1521357.55,15158543.37,65900282.72,158629765.49,445676920.32,910500463.49,928593796.92,928593796.92,928593796.92
TCA,Turks and Caicos Islands,Latin America & Caribbean,3004.32,30043.23,132430.54,327471.15,1018465.33,3004322.50,3261729.28,3261729.28,3261729.28
TCD,Chad,Sub-Saharan Africa,407103.14,4047746.10,17453795.88,41328529.36,108362717.76,155999230.63,148479478.60,148479478.60,148479478.60
TGO,Togo,Sub-Saharan Africa,58518.85,582391.14,2520487.24,6012656.98,16276447.23,27572925.99,27323258.95,27323258.95,27323258.95
THA,Thailand,East Asia & Pacific,463440.90,4634409.01,20428474.92,50515058.21,157106465.44,394399976.07,432824646.31,432824646.31,432824646.31
TJK,Tajikistan,Europe & Central Asia,57355.79,570960.75,2473444.43,5912074.68,16137102.83,28251538.18,28420549.55,28420549.55,28420549.55
TKM,Turkmenistan,Europe & Central Asia,981241.08,9751850.05,41975297.29,99033929.38,255538793.27,349171271.00,337148744.96,337148744.96,337148744.96
TLS,Timor-Leste,East Asia & Pacific,25433.57,251564.74,1062645.67,2409818.51,4765214.81,5176106.62,5176106.62,5176106.62,5176106.62
TON,Tonga,East Asia & Pacific,32930.36,318676.26,1227336.72,2169284.46,2209172.59,2209172.59,2209172.59,2209172.59,2209172.59
TTO,Trinidad and Tobago,Latin America & Caribbean,19635.86,196358.58,865548.63,2140308.54,6656555.93,19635858.20,27708653.68,27708653.68,27708653.68
TUN,Tunisia,"Middle East, North Africa, Afghanistan & Pakistan",46408.29,463145.87,2025905.74,4935935.05,14539394.21,36006795.84,45011019.90,45011019.90,45011019.90
TUR,Turkiye,Europe & Central Asia,505899.43,5058994.29,22300046.83,55143037.75,171499906.41,458619327.00,485733488.71,485733488.71,485733488.71
TUV,Tuvalu,East Asia & Pacific,554.49,5498.91,23471.05,54420.38,127065.25,148179.41,148099.54,148099.54,148099.54
TZA,Tanzania,Sub-Saharan Africa,677384.01,6691143.92,28114227.83,63018190.94,120413125.84,122379858.55,122037073.68,122037073.68,122037073.68
UGA,Uganda,Sub-Saharan Africa,837334.05,8257998.57,34476013.94,76182691.87,137121967.80,125569707.85,125569707.85,125569707.85,125569707.85
UKR,Ukraine,Europe & Central Asia,333439.96,3334399.62,14698033.52,36313891.00,83808977.24,84774394.96,84774394.96,84774394.96,84774394.96
URY,Uruguay,Latin America & Caribbean,512297.46,5122974.60,22582072.03,44813698.21,75096243.11,75096243.11,75096243.11,75096243.11,75096243.11
USA,United States,North America,12881878.28,128474480.79,563564189.28,1386721509.15,4206136663.04,9388336356.06,10981039582.33,10981039582.33,10981039582.33
UZB,Uzbekistan,Europe & Central Asia,95359.94,953599.42,4203466.27,10394233.73,32327020.51,83062561.61,85067316.57,85067316.57,85067316.57
VCT,St. Vincent and the Grenadines,Latin America & Caribbean,2357.68,23520.40,102737.06,249613.96,727489.71,1732003.21,1940513.04,1940513.04,1940513.04
VEN,"Venezuela, RB",Latin America & Caribbean,384429.01,3834629.68,16741799.79,40639181.21,118014777.72,265101401.43,298801748.62,298801748.62,298801748.62
VGB,British Virgin Islands,Latin America & Caribbean,1911.09,19110.88,84240.76,208308.60,647858.85,1701232.04,1701232.04,1701232.04,1701232.04
VIR,Virgin Islands (U.S.),Latin America & Caribbean,4266.78,42667.82,188079.76,465079.25,1446439.13,3153900.55,3153900.55,3153900.55,3153900.55
VNM,Viet Nam,East Asia & Pacific,251908.41,2519084.09,11104122.68,27458016.62,85396950.77,236539701.79,275229872.08,275229872.08,275229872.08
VUT,Vanuatu,East Asia & Pacific,19069.97,184778.11,715660.40,1304078.86,1326066.07,1326066.07,1326066.07,1326066.07,1326066.07
WSM,Samoa,East Asia & Pacific,2130.43,20472.27,76353.53,123385.25,117613.00,117613.00,117613.00,117613.00,117613.00
YEM,"Yemen, Rep.","Middle East, North Africa, Afghanistan & Pakistan",2876940.31,28590913.20,123049458.10,290240011.08,748041284.20,1024677961.40,981905336.26,981905336.26,981905336.26
ZAF,South Africa,Sub-Saharan Africa,4081260.90,39900429.91,160655342.30,285067808.24,348209539.98,348209539.98,348209539.98,348209539.98,348209539.98
ZMB,Zambia,Sub-Saharan Africa,4751168.58,46108571.32,179826319.62,334350003.40,344602781.47,342035846.23,342035846.23,342035846.23,342035846.23
ZWE,Zimbabwe,Sub-Saharan Africa,25686666.52,248690200.23,959747901.53,1728734118.87,1817640395.22,1817640395.22,1817640395.22,1817640395.22,1817640395.22
